name,collaborative,pid,modified_at,num_tracks,num_albums,num_followers,num_edits,duration_ms,num_artists
Throwbacks,False,0,1493424000,52,47,1,6,11532414,37
Awesome Playlist,False,1,1506556800,39,23,1,5,11656470,21
korean ,False,2,1505692800,64,51,1,18,14039958,31
mat,False,3,1501027200,126,107,1,4,28926058,86
90s,False,4,1401667200,17,16,2,7,4335282,16
Wedding,False,5,1430956800,80,71,1,3,19156557,56
I Put A Spell On You,False,6,1477094400,16,15,1,2,3408479,13
2017,False,7,1509321600,53,52,1,38,12674796,48
BOP,False,8,1508976000,46,37,2,21,9948921,23
old country ,False,9,1501804800,21,20,1,10,4297488,18
abby ,False,10,1509321600,72,60,2,36,16403398,40
VIBE,False,11,1365379200,134,117,1,16,35655891,99
relax,False,12,1481587200,9,9,1,3,1981349,9
sleep,False,13,1509062400,13,13,1,5,3039124,12
90's ,False,14,1382572800,103,79,1,3,25837498,61
New Songs,False,15,1432684800,7,5,1,3,1818256,3
slow hands,False,16,1491696000,105,94,1,45,24695913,81
Mom's playlist,False,17,1465430400,79,69,1,11,17627215,61
SARAH,False,18,1507334400,68,66,1,18,15917464,55
melancholy,False,19,1430956800,85,82,1,54,21627256,70
mixtape,False,20,1509494400,14,9,3,11,2165531,6
Sad Songs,False,21,1479081600,15,15,1,8,3709224,15
fall '17,False,22,1509408000,42,39,2,15,9077152,37
‚úîÔ∏è,False,23,1506470400,20,16,1,4,5843925,7
Twenty one pilots,False,24,1475971200,7,5,1,4,1693822,3
run it,False,25,1488412800,41,38,2,8,9067261,31
Winter 2014,False,26,1425427200,26,20,1,7,6442086,15
smooth ,False,27,1508803200,12,11,1,5,2902584,8
Yeet,False,28,1509062400,81,57,7,26,18831207,37
groovy,False,29,1506384000,40,39,1,16,8059613,39
Garage Rock,False,30,1430265600,157,17,1,6,34463029,9
Running 2.0,False,31,1495324800,97,94,1,34,20594090,83
acoustic,False,32,1502928000,106,85,1,9,24656509,72
morning,False,33,1431302400,17,14,1,7,4295055,11
good good,False,34,1481328000,80,72,1,39,18149784,65
Good Vibes,False,35,1507593600,70,58,1,56,15247117,52
 indie rock,False,36,1384732800,9,9,1,3,1895637,5
Hits,False,37,1456790400,72,69,1,7,16626596,55
tb,False,38,1503446400,53,51,1,16,12636678,42
Country,False,39,1479600000,58,34,1,14,12611044,17
2020,False,40,1490659200,85,80,6,27,18672695,71
Belters,False,41,1496448000,209,105,1,13,49193451,55
Road Trippin',False,42,1490572800,158,131,2,51,33759110,106
Country,False,43,1398124800,21,9,1,5,4581750,9
taylor swift,False,44,1430611200,33,29,3,18,6837317,21
angst,False,45,1498521600,76,69,1,5,18755470,54
Running 2,False,46,1434412800,11,11,1,2,2724593,8
Spring 2016,False,47,1465084800,15,15,1,15,3857335,14
Country,False,48,1498176000,32,20,1,12,7163190,13
Gospel,False,49,1508544000,45,37,1,22,15097154,23
SB,False,50,1430352000,55,40,1,3,11777971,31
Kevin,False,51,1489881600,54,36,1,21,12833397,25
Christmas,False,52,1508976000,15,14,5,2,2647155,10
NB,False,53,1504656000,105,93,4,8,25223598,75
Smooth Jazz,False,54,1462665600,5,5,1,4,1185919,4
Tennessee ,False,55,1488844800,151,74,3,20,33994572,27
funky,False,56,1475971200,19,18,1,12,5036761,13
spring 16,False,57,1468022400,19,16,1,12,4593106,15
Gates,False,58,1379030400,38,4,2,3,7640168,3
Favorite Songs,False,59,1492905600,136,95,3,53,29179125,57
Ski,False,60,1492473600,66,64,2,30,16331347,64
Country,False,61,1478822400,13,9,1,7,2891358,8
hype,False,62,1505779200,33,32,2,20,8082346,23
Awesome Mix,False,63,1503532800,38,36,1,2,8507708,34
Elizabeth,False,64,1465862400,105,73,1,17,21722739,61
PlayStation,False,65,1509235200,133,108,1,27,27865852,87
Ashley,False,66,1486425600,81,80,1,4,17574203,72
chill,False,67,1509148800,8,8,1,5,1676469,7
xx,False,68,1508976000,174,90,1,20,40691418,47
art class,False,69,1507161600,18,15,1,11,4255622,13
Random Tunes,False,70,1394755200,74,59,1,37,16959911,47
boat,False,71,1472947200,26,24,1,3,5819956,23
spanish jams,False,72,1471996800,197,139,1,22,44051231,83
new,False,73,1494028800,34,32,1,12,7571761,31
CR,False,74,1464998400,5,5,1,2,1420634,5
Run!!,False,75,1463184000,14,14,2,2,3386398,12
winter '17,False,76,1494288000,32,31,4,19,6964996,29
Workout,False,77,1425081600,24,15,1,10,6482548,12
Traps ,False,78,1495152000,16,15,1,4,5141065,16
Dope,False,79,1483401600,16,15,1,2,4064642,14
Chill,False,80,1496793600,66,54,1,10,16146953,30
rap,False,81,1381795200,64,38,1,11,16180860,24
Gospel,False,82,1497830400,25,16,1,8,8803027,9
Florida,False,83,1498348800,69,48,2,4,15764803,22
Workout2,False,84,1500940800,39,35,1,17,10457609,26
Gym,False,85,1509235200,72,63,2,33,18025402,45
Zoned,False,86,1470355200,42,31,1,30,10492328,23
relax,False,87,1503100800,24,22,1,13,5561220,20
KPOP,False,88,1507161600,66,34,1,23,14529680,12
80's,False,89,1489276800,92,85,1,2,23229656,82
For the Road,False,90,1462233600,103,76,2,5,22433711,41
R & B,False,91,1428105600,68,54,3,9,18184816,37
Tom Petty,False,92,1506988800,8,7,1,2,2012078,3
Catchy Songs,False,93,1495324800,98,82,1,27,21802838,67
relax,False,94,1495324800,124,112,1,35,27578241,97
roadtrippin,False,95,1506816000,170,133,1,50,40155045,90
christmas,False,96,1480464000,19,12,1,5,3679250,10
2012,False,97,1346457600,233,56,1,16,54634292,42
Dave,True,98,1435881600,81,20,1,8,26901306,3
bang bang. ,False,99,1493424000,42,38,2,3,8381755,35
Disneyland,False,100,1403136000,22,12,1,4,4782436,19
#boostyourrun,False,101,1402876800,22,21,1,2,4922286,21
LUV,False,102,1508803200,48,14,1,28,10051080,9
latin,False,103,1508544000,177,133,1,28,43921538,63
JAMS,False,104,1458604800,65,30,1,7,15475350,26
~Rando~,False,105,1472601600,115,96,1,10,27285505,82
Party Rock!!,True,106,1497916800,114,105,1,26,29550753,100
party people,False,107,1508544000,62,58,2,37,14274383,50
The Piano Guys,False,108,1396224000,69,10,1,2,16200460,6
Worship,False,109,1496448000,132,100,1,56,37033649,64
Brasileiras,False,110,1426723200,33,29,2,5,7720149,19
country,False,111,1507420800,24,20,1,13,5198964,16
4/20,True,112,1461110400,65,65,1,10,15714900,61
2016,False,113,1470096000,19,17,1,4,4225410,14
Willie,False,114,1502323200,23,16,1,2,4879293,4
beach,False,115,1507680000,194,148,4,48,43332923,102
Gold Digger,False,116,1391385600,12,11,1,4,3014754,10
Fall 2015,False,117,1476489600,13,13,1,7,2935585,13
dance it out,False,118,1504051200,38,35,1,33,8513051,31
greek,False,119,1470268800,23,20,1,3,5742787,15
All the songs,False,120,1444521600,103,70,1,8,20816578,59
Kyle,False,121,1479945600,168,126,1,31,43372532,82
HALLOWEEN,False,122,1509408000,20,18,1,3,4496055,20
w o r k o u t,False,123,1500681600,245,225,1,26,55676545,171
party music,False,124,1508630400,176,156,2,86,39278419,118
summer,False,125,1508371200,53,39,1,14,11809365,26
XXXMas,False,126,1482624000,50,47,1,6,9768248,48
BBG,True,127,1493683200,26,25,1,3,5549763,24
bae,False,128,1485129600,18,18,1,10,3875986,17
oldies,False,129,1434585600,94,84,3,7,22018885,74
its lit,False,130,1505952000,205,96,2,12,46317403,45
go to,False,131,1506297600,99,92,1,10,24902583,68
Killin' It,True,132,1487116800,10,10,1,9,2443305,10
October 2017,True,133,1508803200,20,19,4,17,4344880,18
Rap/Pop,False,134,1502841600,233,200,1,53,56753582,141
1990's ,False,135,1416528000,53,44,1,4,13660732,39
Rap,False,136,1485648000,32,28,1,14,8207681,22
GUACAMOLE,False,137,1457308800,24,20,1,6,5543879,20
14,False,138,1400112000,130,119,1,79,33346619,103
That New New,False,139,1504396800,44,44,2,26,9799655,40
Relaxing,False,140,1377043200,71,60,1,25,17565348,52
sleep,False,141,1503705600,22,22,1,6,5306521,22
Get It!,False,142,1477008000,109,63,1,26,26629274,47
bumps,False,143,1489536000,37,23,1,2,8258520,17
picks,False,144,1434412800,60,52,4,23,14408181,41
ü§òüèº,False,145,1493078400,46,38,1,3,13089519,14
Mashup,False,146,1498780800,198,59,2,11,44443762,34
Ladies,False,147,1431907200,10,9,1,5,2170254,8
Alt Jams,False,148,1508544000,141,117,1,81,31352547,93
Reggae/Ska,False,149,1444435200,34,25,3,14,8045907,16
Top hits,False,150,1463961600,130,98,2,27,28272833,75
jazzy ,False,151,1508976000,42,41,1,17,9636183,32
Pop,False,152,1424908800,89,74,1,49,19844176,66
Emotional,False,153,1481846400,29,27,1,3,7116222,20
Fall,False,154,1457913600,50,44,1,10,11290220,41
ouch,False,155,1479168000,24,20,1,9,5759353,20
Love Music,False,156,1464998400,188,157,2,57,49012499,103
Bang Bang ,False,157,1491609600,22,22,1,7,4484363,16
Solitude,False,158,1466640000,102,94,3,12,23064355,86
feels,False,159,1505433600,33,32,1,4,8912254,27
Silence,False,160,1493596800,7,7,1,5,1460954,7
English ,False,161,1476403200,161,118,2,24,37767243,68
Blues,False,162,1425513600,41,40,1,6,11526358,21
pump,False,163,1447459200,61,34,1,3,15123038,22
volleyball playlist ,False,164,1509321600,46,43,5,10,10592578,35
september ,False,165,1504656000,10,8,2,2,1983622,6
motown,False,166,1466467200,55,51,7,5,12866664,41
folky,False,167,1508025600,74,40,3,33,17432543,23
Rock alternativo,False,168,1432512000,12,11,1,3,2792225,9
Summer Chill,False,169,1491436800,134,125,2,102,35755512,110
Rap Classics,False,170,1476144000,52,42,1,2,13356225,29
My favs,False,171,1502236800,29,21,1,14,6141737,18
motivational ,False,172,1463011200,41,35,1,13,8937392,33
Up Beat,False,173,1484784000,95,89,1,17,24626956,70
Wes Anderson,False,174,1416960000,16,15,1,3,3513542,15
Love,False,175,1469059200,18,12,1,2,4337022,4
basic,False,176,1509148800,141,106,1,91,30577508,73
Another,False,177,1480291200,25,23,1,10,5816378,21
LIT!!!!!!!,False,178,1506988800,70,53,1,38,15221475,38
YEET,False,179,1491523200,21,20,2,9,4874193,20
ü§§ü§§,False,180,1505260800,17,15,1,3,3954876,6
Summer Playlist,False,181,1502668800,27,27,1,12,5897376,21
high,False,182,1509321600,171,142,5,70,36797138,110
Music,False,183,1491004800,85,45,1,17,18325566,28
Chill Alternative,True,184,1430697600,50,42,1,19,12322340,41
feelz,False,185,1508630400,121,109,5,63,27409576,90
Alexia,False,186,1475452800,41,25,1,10,9089382,21
Mellow.,False,187,1495670400,17,15,1,3,3675299,15
Britt,False,188,1477526400,17,17,1,6,4500528,17
Christian Songs,False,189,1507161600,66,40,2,13,20941788,25
Kendrick Lamar ,False,190,1466985600,70,21,1,13,19890530,11
jesus jams,False,191,1504656000,22,19,2,11,5141478,11
Daddy Issues,False,192,1499990400,37,33,1,6,8618956,26
üî•üî•üî•üî•,False,193,1442102400,14,13,1,6,3161650,12
sb2k17,False,194,1489536000,130,115,1,6,29136511,92
Dance,False,195,1490486400,68,63,1,42,16610475,51
2013,False,196,1469836800,29,29,1,4,7031522,28
Spring16,False,197,1477699200,57,55,1,19,14156348,53
soul,False,198,1388275200,25,19,1,4,7654553,23
Best Songs of 2016,False,199,1481328000,79,53,5,5,19698418,52
Ladies,False,200,1385424000,14,12,1,5,3174293,10
Love ,False,201,1504742400,46,42,1,11,9614973,41
Cash,False,202,1366848000,64,49,1,14,17063915,31
#Workout,False,203,1486512000,47,45,1,19,10835351,37
guitar.,False,204,1495238400,10,10,2,8,2158596,10
running ,False,205,1502668800,49,44,1,21,12113727,40
Shower,False,206,1476057600,5,5,1,5,1207465,5
Saturn,False,207,1501891200,44,37,1,4,10601309,29
Christmas music,False,208,1449619200,90,35,1,25,19029995,31
Bus playlist,False,209,1508889600,52,41,2,27,11105323,34
Xmas,False,210,1478995200,123,54,1,6,22073980,50
My music,False,211,1492646400,79,67,2,21,19732875,45
Latino,False,212,1491782400,146,115,1,32,32351099,68
Mumford & Sons,False,213,1505865600,17,9,1,3,3945474,3
This Is What You Came For,False,214,1503964800,157,141,1,30,35259245,113
On the Run,False,215,1472947200,41,39,2,8,8787620,34
Prayer,False,216,1497139200,29,15,1,6,8270009,11
my country,False,217,1474416000,148,36,1,17,32794865,18
party playlist,False,218,1504310400,98,93,1,4,21299385,74
Funky,False,219,1383091200,30,20,1,8,8744086,11
Musicals,False,220,1506902400,68,19,1,5,15053798,35
Relax,False,221,1500681600,15,13,1,11,3412812,8
Wedding,False,222,1425427200,17,17,1,2,3740128,16
classics,False,223,1505692800,120,106,10,37,29870133,76
Peace,False,224,1468972800,115,103,3,39,30900252,91
Volleyball,False,225,1505692800,80,74,1,4,16984247,51
Madness,False,226,1487030400,111,71,1,6,29662320,47
ride,False,227,1492214400,55,41,1,32,13509708,26
before my time,False,228,1500422400,176,170,1,125,44182045,134
reggae,False,229,1463270400,18,17,1,10,3845941,14
Summer of love,False,230,1405641600,24,23,2,13,6247266,23
Everything,False,231,1505001600,229,80,9,45,52092271,40
Hits,False,232,1508544000,50,47,1,11,10847902,44
shower ,False,233,1457568000,5,5,1,2,1202613,5
RUNNIN,False,234,1496620800,43,37,1,14,9846155,30
My happy place,False,235,1498348800,40,32,1,9,8548120,25
90s hits,False,236,1498867200,48,46,1,5,11854860,40
Old songs,False,237,1507766400,92,84,3,41,22046144,67
Korean,False,238,1502323200,22,17,1,7,4831759,17
Go to ,False,239,1501804800,124,53,1,4,28533260,20
Way Up,False,240,1461542400,34,26,1,8,8123185,23
Tegan and Sara,False,241,1464998400,151,25,18,17,29003627,7
Atlas,False,242,1484438400,18,16,1,13,3704527,14
Elisa,False,243,1506384000,123,117,1,16,31295097,92
Country,False,244,1404000000,67,52,1,24,14984483,33
90s,False,245,1509408000,62,57,1,14,13380646,56
eurotrip,False,246,1444780800,67,64,1,9,17113460,60
Mine,False,247,1431734400,18,12,1,2,3842078,13
Christmas 2016,False,248,1480723200,25,20,1,2,4917330,17
Summer,False,249,1382832000,31,30,1,7,6641777,24
TBT,False,250,1422748800,31,30,1,19,7202128,23
beachy,False,251,1507680000,28,16,1,10,5951576,16
country,False,252,1444867200,96,66,1,6,20613122,25
Drank,False,253,1482969600,78,69,4,23,17563757,53
Trip,False,254,1491696000,37,28,2,9,8187579,23
Christmas Mix,False,255,1387152000,32,28,22,3,6772221,25
TOP,False,256,1409270400,66,50,1,16,15305341,38
rap god,False,257,1397001600,37,25,1,2,9175936,15
#Relaxed,False,258,1435622400,38,26,4,5,10909538,15
blue grass,False,259,1475971200,88,55,1,8,14339409,49
brad paisley ,False,260,1478476800,55,31,1,4,12997268,17
summer16,False,261,1494979200,18,18,1,6,4064947,17
throwback,False,262,1508716800,145,114,1,31,31111329,77
love,False,263,1497484800,44,40,1,14,9779988,32
DA,True,264,1501632000,188,181,4,84,45344306,167
SUMMER 2k17,False,265,1501286400,120,30,1,11,27307206,23
Awesome mix vol. 1,False,266,1408752000,12,12,1,2,2692382,12
POP,False,267,1478736000,38,25,1,14,8140922,21
Road Trip Mix,False,268,1432339200,35,35,1,8,7742394,35
Indie,False,269,1508457600,27,26,1,25,5684090,23
Corridos,False,270,1508112000,179,136,2,43,32143449,80
Mr. Brightside,False,271,1397433600,22,19,1,8,5311731,17
shower,False,272,1476144000,13,12,1,9,2974104,10
workout,False,273,1492819200,17,17,1,11,4068227,17
old people,False,274,1490918400,59,47,1,6,14753814,39
FUN,False,275,1508889600,66,50,1,30,14507886,44
üòçüòç,False,276,1491091200,12,11,1,6,2636459,11
Hockey,False,277,1441843200,46,34,1,3,10832487,25
dank memes,True,278,1483228800,5,5,1,4,1004632,5
üéµüéµ,False,279,1467244800,97,81,1,43,22090714,60
Legendary,False,280,1436832000,55,46,1,7,12732512,27
mayer,False,281,1505260800,58,18,4,10,17768780,5
Game Time,False,282,1508544000,34,31,1,13,6825682,27
car tunes,False,283,1474848000,108,82,1,75,25726813,67
lit,False,284,1502150400,73,51,1,4,18667177,35
wrap,False,285,1507852800,99,69,1,38,22954669,43
Chris,False,286,1492128000,42,40,1,16,10192296,38
chill beats,False,287,1474243200,26,20,1,9,5852214,14
kpop,False,288,1468108800,48,37,1,5,11506662,25
mix,False,289,1443225600,10,9,2,3,2543865,9
Blackout,False,290,1466726400,35,32,1,5,8039278,25
country ,False,291,1494374400,70,59,1,6,15999383,37
Disney,False,292,1508716800,38,13,1,4,6954268,27
CHRISTMASSSSS,False,293,1450483200,57,16,2,4,11613183,10
Aux,False,294,1495065600,83,62,1,43,18718099,42
best christmas,False,295,1322611200,47,35,2,3,9019237,38
Worship ,False,296,1508198400,35,31,11,19,8320641,26
broadway,False,297,1482364800,81,7,1,4,15067440,44
Vibe,False,298,1508457600,49,32,1,5,12429584,19
Say My Name,False,299,1410393600,34,27,1,5,8138630,15
car playlist,False,300,1505692800,17,16,1,2,4011284,16
Music From Baz Luhrmann's Film The Great Gatsby,False,301,1368748800,21,8,1,2,4366453,18
deep,False,302,1488758400,105,90,1,4,25101830,81
Tame Impala,False,303,1444176000,43,10,1,2,11513927,3
<3,False,304,1367712000,48,40,2,10,12463335,29
Running,False,305,1443657600,26,25,3,9,5593000,19
mixtape,False,306,1508716800,29,16,1,8,6779280,12
rawr,False,307,1507507200,24,23,1,3,6253280,20
lit songs ,False,308,1493683200,17,16,1,3,4150010,16
upbeat,False,309,1508976000,47,45,1,14,10681914,42
Good Day,False,310,1435276800,51,43,1,4,12219595,32
AAA,False,311,1508716800,56,46,1,10,10542273,31
Line Dances ,False,312,1506124800,23,23,1,9,5397462,22
Spanish,False,313,1501804800,6,4,1,4,1212478,4
randoms,False,314,1496102400,38,37,1,6,9505810,23
Alright,False,315,1487289600,29,26,2,3,6877882,20
Feelin' Myself,False,316,1487894400,54,49,1,45,13552645,43
RAP,False,317,1412553600,30,27,2,3,7089317,23
Covers,False,318,1466899200,11,10,1,5,2610032,9
Acoustic,False,319,1486080000,63,50,1,2,14326291,38
chill,False,320,1508284800,26,26,2,19,5542687,25
bruno mars,False,321,1504828800,31,7,1,2,6725888,3
stream,False,322,1395100800,35,33,3,2,11012768,29
mix ,False,323,1466726400,30,22,1,4,7088594,12
Me Like,False,324,1509494400,74,63,3,21,22279115,40
Disney Jams,True,325,1445731200,34,18,1,4,6599221,26
family,False,326,1469923200,101,80,3,7,25182544,51
Walking on Sunshine,False,327,1463702400,18,18,1,2,3190461,15
country,False,328,1509148800,123,97,4,93,25668008,48
trap,False,329,1509148800,89,70,3,26,23258201,41
electronic,False,330,1505088000,179,170,1,68,45748141,149
The Drive,False,331,1507248000,135,118,5,17,33436194,92
Julion alvarez,False,332,1415664000,60,46,2,23,11843337,29
studying music,False,333,1418601600,55,37,2,14,13568608,30
90s alternative,False,334,1466467200,124,101,1,7,29638000,80
Litty ,False,335,1507939200,143,94,2,15,30444466,57
oldies but goodies ,False,336,1464652800,5,5,1,2,1170598,4
More Songs,False,337,1409702400,8,8,1,4,1820885,7
((chris)),False,338,1503705600,118,80,1,3,28122775,57
Worship,False,339,1508889600,126,77,4,60,45868016,47
üá≤üáΩüá≤üáΩüá≤üáΩ,False,340,1476489600,23,17,1,7,4539311,15
( Õ°¬∞ Õú ñ Õ°¬∞),False,341,1509321600,209,165,3,90,50144158,127
Dance mix,False,342,1473724800,167,127,1,15,43330767,111
classic ,False,343,1487462400,32,29,1,7,7914593,25
oldies,False,344,1460505600,35,31,1,4,6545278,23
NEW,False,345,1498262400,16,6,6,2,4643215,5
Chill music ,False,346,1505433600,12,12,2,6,2661531,11
karaoke.,False,347,1368921600,28,13,1,5,6551213,3
‚ö°Ô∏è‚ö°Ô∏è‚ö°Ô∏è,False,348,1508284800,202,119,1,17,44886478,76
Road,False,349,1501977600,26,25,1,16,5286771,24
Latin Trap,False,350,1509494400,83,70,1,5,19787271,40
Cali,False,351,1471132800,59,54,1,30,13840477,49
frenchy,False,352,1467763200,28,24,1,7,5482381,18
Thinking,False,353,1506556800,23,16,3,17,5443704,10
Cruisin,False,354,1484265600,64,57,1,5,17231492,45
throw backs,False,355,1509148800,70,62,1,3,15592913,45
2017,False,356,1508803200,38,25,1,3,7540174,23
boris,False,357,1509148800,161,151,1,61,41285947,124
Meow,False,358,1469577600,75,58,1,10,16889187,42
old songs ,False,359,1508889600,54,52,1,17,12011735,45
pg,False,360,1507766400,132,121,1,20,29612805,107
Breezeblocks,False,361,1477612800,79,74,1,53,18559219,63
Favorite Songs,False,362,1508630400,236,163,1,79,51374372,114
Classic Rock,False,363,1505865600,101,90,1,29,24867623,58
Pregame,False,364,1499472000,46,41,1,16,10060589,37
Chill Rock,False,365,1460332800,128,114,15,18,29409896,90
High,False,366,1428278400,9,6,1,2,2277105,4
Guilty pleasure,False,367,1499817600,118,85,1,45,28379452,56
Everyday,False,368,1507248000,25,15,1,9,5702204,12
Salsa clasica,False,369,1490400000,60,42,1,14,17456909,26
CHRISTMAS,False,370,1505520000,44,33,2,7,8161116,27
quiet,False,371,1496793600,15,15,1,4,3675883,14
TRIPPIn,False,372,1381795200,10,8,1,2,2478019,7
happy,False,373,1507939200,63,42,2,13,14549013,36
oldies,False,374,1503705600,122,111,1,25,28515226,88
Chill,False,375,1506816000,82,57,1,14,19672852,36
Studying,False,376,1476662400,88,77,1,49,20937145,66
Classic,False,377,1366502400,22,12,1,3,4899854,12
country,False,378,1471564800,69,37,1,7,15202639,15
Autumnal ,False,379,1383696000,99,75,7,11,22446377,55
Throwbacks ,False,380,1502668800,134,103,3,23,29808136,67
Traveling,False,381,1402531200,54,39,1,14,13338999,33
spin,False,382,1505347200,14,14,2,5,3617477,13
country 2017,False,383,1505606400,31,30,2,17,6189886,29
*** good stuff,False,384,1507593600,46,43,2,18,10981819,37
LM,False,385,1421452800,27,26,1,10,6849369,23
Chill,False,386,1483833600,23,22,1,5,5174542,16
sad,False,387,1487376000,5,4,1,3,1002971,3
Party time,False,388,1366070400,29,28,1,4,7214292,24
mb,False,389,1509062400,174,161,2,81,37004827,140
Samba,False,390,1413590400,30,29,1,15,7507260,27
tears.,False,391,1509148800,68,56,3,18,12322081,47
Go To,False,392,1408838400,88,78,1,56,20317291,70
Friday afternoon...,False,393,1504483200,72,49,1,16,15702225,33
songs that make me think of you ,False,394,1497052800,23,21,1,2,5667027,20
Congratulations,False,395,1463702400,61,57,1,12,13079525,45
Party,False,396,1420416000,152,103,1,13,35191686,75
Random,False,397,1468281600,22,17,1,7,4790006,12
Comedy,False,398,1409616000,16,12,1,6,4724058,10
RAVE,False,399,1481846400,28,25,1,2,6903551,18
summer 2015,False,400,1507161600,40,32,1,17,8172580,30
GET DOWN,False,401,1508284800,170,162,4,49,35978286,133
JAZZ,False,402,1481846400,129,99,1,5,44224023,94
Hype,False,403,1508198400,210,167,4,70,47796786,119
‚ö°Ô∏è,False,404,1504137600,73,26,1,3,14809281,17
in my feels,False,405,1509235200,214,168,1,93,49840293,94
90's,False,406,1484870400,228,130,2,16,57817131,73
Piano Music,False,407,1430179200,51,9,1,5,11463791,3
workout mix,False,408,1348704000,9,9,1,6,2161944,8
90s hip hop,False,409,1508284800,33,28,1,8,8890863,22
Metal,False,410,1492473600,87,17,1,4,21653950,10
ashley,False,411,1476662400,169,135,1,80,37973952,104
Country,False,412,1488499200,189,107,2,22,40797603,69
Sweat.It.Out.,True,413,1459814400,22,22,1,13,5345965,21
early 2000's,False,414,1458864000,17,15,1,2,3623844,10
Get pumped ,False,415,1417392000,12,9,1,5,2473737,6
West Coast Swing,False,416,1508025600,44,42,1,3,9971391,29
Rock,False,417,1491436800,17,8,1,4,4516482,6
june,True,418,1435104000,18,8,1,9,4042078,8
Roadtrip,False,419,1504137600,121,110,1,25,31247117,87
Smooth,False,420,1506902400,109,35,1,29,24692333,23
1967,False,421,1491436800,23,21,1,2,5759204,20
Old School,False,422,1381104000,55,47,1,3,13301408,28
New,False,423,1454889600,18,11,1,2,3872886,7
WORSHIP,False,424,1448236800,122,89,1,32,35954911,62
Phone,False,425,1507593600,10,10,1,3,2339579,7
yo,False,426,1509148800,90,69,3,19,20413157,59
PT,False,427,1503705600,113,100,4,4,25137572,81
car rides,False,428,1473379200,111,88,1,8,24126961,72
Music.,False,429,1428019200,41,36,7,19,9498986,33
Rent,False,430,1481587200,28,2,1,2,5703259,11
Feels,False,431,1488240000,94,86,1,3,22270488,74
goldie,False,432,1504742400,84,80,1,51,21216501,74
Sad songs,False,433,1492387200,29,25,1,9,7444505,21
DIEGO$,False,434,1448668800,100,67,1,6,24165285,39
New years,False,435,1420070400,44,35,1,3,10914764,28
Driving,False,436,1505001600,151,72,2,50,38166653,34
April,False,437,1473984000,199,157,1,62,44540531,131
OD,False,438,1509148800,92,84,1,55,23006426,73
housewarming,False,439,1438128000,174,116,2,8,42572851,77
car,False,440,1472947200,24,21,1,2,5700465,19
chill out,False,441,1462665600,203,176,4,46,49593533,141
rap mix,False,442,1377561600,195,151,4,63,48662391,87
Kickin it,False,443,1497484800,41,38,2,19,10588977,36
Chill Out,False,444,1451865600,12,9,1,6,2662059,6
90s baby,False,445,1425772800,24,21,1,5,5948451,16
Oldies,False,446,1508544000,42,40,1,13,9061700,36
Classical,False,447,1409616000,166,39,1,4,35055308,49
My favorites,False,448,1509408000,26,24,1,15,5695510,23
Hyphy,False,449,1463961600,16,15,1,6,3853134,13
Pump up songs,False,450,1506729600,74,56,2,17,15955232,41
Beautiful Things,False,451,1467504000,22,21,1,7,5792425,19
dance,False,452,1506211200,77,71,2,20,16804240,59
my heart,False,453,1506816000,159,124,1,74,37834259,108
issa playlist,False,454,1509321600,159,82,1,24,35784342,36
Party,False,455,1508112000,45,42,1,17,10313789,40
Country,False,456,1508630400,240,139,1,97,51403555,87
roma,False,457,1442275200,63,58,3,8,14153692,52
Intro,False,458,1485388800,89,81,1,61,20724857,71
Dusk,True,459,1506470400,102,87,2,87,24677599,78
slow,False,460,1509235200,95,89,3,26,22939246,64
BUST A MOVE,False,461,1497312000,18,18,2,3,4381406,18
Current jams,False,462,1504051200,51,42,2,12,11622691,33
Fallout,False,463,1507680000,32,27,1,5,5905301,19
2017,False,464,1485734400,13,13,1,7,2847637,13
Punk,False,465,1508544000,140,69,2,9,23574237,20
Homework,False,466,1473811200,26,17,1,7,5557362,14
000,False,467,1495584000,130,16,1,3,36302317,17
Good Times,False,468,1502755200,140,117,4,69,33311177,104
new stuff,False,469,1509148800,62,20,1,8,13101094,12
It's Christmas Time!,False,470,1448928000,173,66,1,36,33179507,70
AA,False,471,1499126400,142,102,1,22,32270515,83
Chill Sesh,False,472,1505952000,139,68,1,28,32037134,26
SPRANG,False,473,1495670400,51,41,1,29,12585762,29
Greatest Hits,False,474,1451520000,24,7,1,4,4029486,3
elevator music,False,475,1506556800,175,144,1,113,39994234,111
YOU,False,476,1505088000,78,67,1,10,18122170,65
Reggaeton,False,477,1393113600,12,12,1,2,2417457,12
Long Car Rides,False,478,1504656000,60,52,1,13,13092323,48
Country favorites,False,479,1476403200,51,38,1,17,11477824,26
Chill Out Music,False,480,1450915200,99,78,1,27,22352013,50
Good songs,False,481,1461801600,22,17,1,6,5323927,11
hip hop,False,482,1434240000,6,6,2,4,1562705,6
vibes,False,483,1508371200,241,131,1,9,53978628,69
INDY,False,484,1482019200,21,20,1,3,4499260,18
90's,False,485,1383004800,57,53,1,2,14488430,52
ODESZA,False,486,1498089600,17,5,1,4,3837468,3
Good stuff,False,487,1506556800,41,40,1,25,9044857,34
CHRISTMAS MUSIC,False,488,1479081600,36,36,1,3,6544676,33
Isis,False,489,1488672000,59,42,1,3,12956659,35
My baby,False,490,1495670400,15,9,1,5,3329570,9
Melting Pot,False,491,1504137600,218,183,2,129,49468947,156
Eminem ,False,492,1461801600,34,15,1,2,10072445,5
Zombies,False,493,1506038400,58,44,1,17,16276487,36
Mega Chill,False,494,1478390400,27,27,1,6,6234350,23
OOOUUU,False,495,1483401600,18,16,1,6,3886228,15
songs to sing in the shower,False,496,1500508800,20,20,1,6,4431454,20
Narcos,False,497,1505260800,25,23,1,3,4708341,24
modern rock,False,498,1382140800,71,41,1,7,16323263,20
Wedding Dance Party,False,499,1490400000,87,78,1,6,20264434,69
oldies,False,500,1501113600,28,26,1,3,6483456,24
regaton ,False,501,1496793600,28,19,1,6,6138290,14
tbd,False,502,1496620800,52,45,1,24,11001091,43
Instrumental,False,503,1505260800,25,18,2,10,4395793,16
Old School ,False,504,1509321600,158,132,1,30,43925879,92
joSe :),False,505,1496966400,54,40,1,6,13046807,30
üíÉüèΩ,False,506,1502323200,71,45,1,5,15632980,22
Feels,False,507,1491091200,32,19,1,9,8142362,13
favs rn,False,508,1503964800,26,26,2,21,5568007,22
Chill Songs,False,509,1509408000,85,73,3,56,21298674,55
feels,False,510,1509148800,36,20,1,2,8397487,16
üòªüòª,False,511,1481500800,32,22,3,14,7117095,20
Somber,False,512,1508716800,33,31,1,10,8130764,26
Sunrise,False,513,1508112000,46,45,1,7,9155649,36
Mix Tape,True,514,1508803200,31,26,1,4,7108879,17
FNAF,False,515,1490745600,36,24,2,11,7708849,12
smooth jams,False,516,1509062400,188,171,13,41,48588746,140
Best EDM,False,517,1401408000,44,44,1,14,11305008,38
Worship,False,518,1483660800,14,13,1,3,4044572,12
hitS,False,519,1456790400,55,53,2,3,12628932,50
üò≠üò≠,False,520,1507593600,29,27,1,2,6739650,26
music,False,521,1506643200,127,108,1,45,27364349,85
Upbeat Songs ,False,522,1507161600,21,21,1,3,4535591,19
HOOD,False,523,1507939200,152,107,2,72,36820002,77
poop,False,524,1475712000,64,30,1,2,11118596,14
Tejano,False,525,1491436800,139,67,1,14,28666216,25
Cinco De Mayo,False,526,1484438400,127,118,6,33,28492715,96
Tripping,False,527,1459123200,49,45,3,15,13221839,32
New School,False,528,1509148800,137,88,1,20,25752229,42
now,False,529,1507939200,36,34,2,21,8740289,32
Electronic Music,False,530,1508457600,51,42,1,15,10931073,23
2000's ,False,531,1394496000,6,6,1,5,1543972,6
Sleep,False,532,1491264000,146,104,2,52,36226179,78
mix,False,533,1483660800,34,9,1,3,7660529,3
New Music,False,534,1443657600,13,7,1,3,3337982,4
halcyon,False,535,1359244800,46,11,4,5,12714068,3
Wedding Cocktail Hour,False,536,1466467200,25,22,1,2,6307309,21
chill  ,False,537,1498608000,36,30,1,3,8004959,20
february '17,False,538,1487548800,28,25,2,10,6152042,26
July 2013,False,539,1373932800,28,28,17,12,6360096,28
Musica en espa√±ol,False,540,1508889600,52,46,1,28,12236130,31
SpRiNg BrEaK,False,541,1505088000,33,28,1,6,7853935,25
vibin',False,542,1505520000,68,63,1,8,16232654,51
Rock,False,543,1439078400,87,74,1,22,23420250,66
vibes,False,544,1509408000,77,74,1,43,16052704,72
Tropical,False,545,1501027200,28,7,1,8,6134043,9
pregame,False,546,1503014400,50,45,1,2,11605181,36
whatever,False,547,1446595200,28,25,2,4,7144512,22
Mix Tape,False,548,1492732800,19,18,1,6,4917985,16
Thug,False,549,1505952000,41,35,1,18,9943008,25
Winter,False,550,1478822400,34,32,1,14,7021790,29
Sleep~,False,551,1466467200,33,27,1,9,8010074,21
Country,False,552,1509062400,70,54,1,9,14999951,27
Reggae,False,553,1492560000,215,106,2,21,51960956,54
Vibin,False,554,1479600000,149,78,1,11,34293733,51
older songs,False,555,1492473600,55,55,1,31,12126027,46
Crossfit,False,556,1467849600,52,44,2,13,12485588,32
Work,False,557,1508803200,70,68,1,14,16177296,59
Black,False,558,1494028800,47,36,1,19,11207126,27
üíõüíõ,False,559,1494547200,238,194,1,48,54172588,133
Summer Party,False,560,1507075200,178,159,4,54,40357199,117
chillen,False,561,1370908800,45,36,1,24,11172502,27
Country summer,False,562,1506556800,97,76,3,23,20561260,38
Top Hits,False,563,1486425600,14,12,2,6,3111368,12
cheese,False,564,1507766400,18,9,1,5,2708554,6
Country,False,565,1500508800,138,110,2,31,31188684,73
Wedding,False,566,1507766400,16,15,1,2,3268105,14
14,False,567,1407888000,50,41,3,3,11137339,35
NICOLE,False,568,1428364800,15,3,1,2,4301677,3
Relaxing Music,False,569,1502064000,22,20,1,11,5571550,19
run,False,570,1509148800,23,22,1,18,4908101,22
Disney!,False,571,1380499200,19,14,1,2,3988434,15
bounce,False,572,1475971200,177,144,3,29,40128864,115
Calming Music,False,573,1506384000,81,50,2,12,18296820,24
kayla,False,574,1446249600,18,16,2,3,3835740,15
Party mix,False,575,1419120000,45,40,1,3,10530173,31
wake up,False,576,1508803200,33,31,1,5,7021475,24
sound,False,577,1492387200,31,26,1,6,7768668,21
sad,False,578,1474848000,24,13,1,3,5712179,6
Mya,False,579,1467244800,27,25,2,2,6441285,24
rock,False,580,1487462400,48,45,1,4,12819026,36
main playlist,False,581,1471996800,82,59,3,40,18255875,44
doo wop,False,582,1506988800,63,62,1,24,9647235,62
nite,False,583,1505779200,60,37,1,28,14688453,23
Main,False,584,1507161600,192,161,1,70,48057518,113
üñïüèª,False,585,1499126400,191,166,1,2,43243567,128
Wandering,False,586,1507507200,205,151,3,84,48386406,120
Current,False,587,1508976000,10,9,1,11,2061707,9
Wedding Dance Music,False,588,1498262400,58,57,2,7,13467774,51
rap,False,589,1509321600,83,65,1,55,19112247,46
Vibin',False,590,1509321600,54,46,1,23,12272944,34
dad songs,False,591,1491350400,19,17,1,5,4685643,8
2015,False,592,1498694400,154,90,3,68,39659165,70
PARTY PLAYLIST,True,593,1439596800,50,47,1,14,11959181,44
bomb,False,594,1378252800,31,29,3,5,7454627,18
spring '17,False,595,1495756800,35,34,1,23,7380665,33
maY!,False,596,1495756800,59,39,1,21,13723702,30
Baby Making,False,597,1499644800,55,30,1,3,13258547,18
ale,False,598,1509148800,40,37,1,24,8640760,32
Sunny Days,False,599,1468627200,15,15,1,9,3629722,15
Stuff,False,600,1506384000,149,132,1,56,33196793,94
Up,False,601,1415491200,35,30,1,14,7986767,29
Happy Happy Happy,False,602,1486512000,44,40,1,22,9442946,36
Don't,False,603,1488931200,82,70,1,13,18769628,63
Lent,False,604,1398384000,23,22,1,19,5148619,19
turn up,False,605,1496188800,97,66,3,24,20859978,45
Country,False,606,1478390400,114,81,1,12,23694980,35
Songs I Like,False,607,1489968000,124,110,3,95,30633014,94
Spring 2015,False,608,1431388800,99,74,2,35,22443152,67
classic rock,False,609,1377820800,68,64,1,6,16008992,54
70/80,False,610,1483660800,54,49,1,2,14049210,28
Oldies,False,611,1424822400,147,110,1,13,36233599,71
summer 17,False,612,1505692800,81,68,1,9,17784074,60
Wedding Songs,False,613,1401321600,43,43,1,5,9861751,35
indie rock ,False,614,1498694400,62,45,1,36,14907387,38
Sierre√±o,False,615,1505692800,43,16,3,7,8748346,9
study,False,616,1483142400,136,111,4,7,32741859,87
Random,False,617,1418342400,50,41,1,13,11747290,26
Christmastime,False,618,1448582400,50,9,1,9,9361587,6
random songs,False,619,1503273600,23,19,1,5,5342656,16
party,False,620,1494720000,20,19,1,10,4427301,19
workout,False,621,1509408000,101,69,1,38,23742634,50
mine,False,622,1504483200,32,29,1,13,7360004,25
take me back,False,623,1505347200,53,50,2,6,13430043,44
ROAR,False,624,1427155200,14,4,1,3,2581672,3
old,False,625,1509235200,90,83,1,31,21621494,58
teenage angst,False,626,1508198400,120,72,3,54,26324743,53
Wave,False,627,1508976000,58,52,1,33,13968820,44
Mixtape,False,628,1462838400,21,20,1,10,4959544,20
80s,False,629,1506643200,20,18,1,4,4904070,16
//new,False,630,1509408000,62,56,1,3,13661915,51
house,False,631,1429747200,61,56,1,25,17638514,38
ol skool,False,632,1461542400,51,45,1,6,13525669,26
music,False,633,1509321600,194,107,2,98,40718107,65
ROCKüé∏,False,634,1508025600,56,51,3,26,13777908,41
Workout,False,635,1507939200,87,78,2,44,20315610,62
go-to,False,636,1508889600,78,74,3,48,17115146,69
Classic,False,637,1495152000,205,187,6,84,53561016,122
Various Artists ‚Äì Majestic Casual - Chapter I,False,638,1386201600,31,24,1,2,8484680,31
Grind,False,639,1447545600,42,23,3,14,10811435,16
America,False,640,1507680000,38,34,1,9,8442162,24
sleep,False,641,1435363200,8,8,1,2,2199492,8
rap,False,642,1506643200,104,80,1,43,23171508,58
VACATION,False,643,1471996800,120,98,1,8,27948831,79
christmas,False,644,1419465600,32,29,1,2,5999255,30
Dubstep,False,645,1366416000,29,28,2,17,7787927,25
Pop,False,646,1500076800,18,18,1,5,3920384,17
Gym,False,647,1469232000,155,141,2,80,37436319,115
Mia,False,648,1455235200,134,114,8,23,32272406,87
Musica,False,649,1508803200,110,70,1,8,26106219,45
Australia Day,False,650,1390694400,41,40,2,3,9501803,39
Slay,False,651,1502150400,46,38,1,18,10661944,25
II,False,652,1508976000,40,36,1,19,9750954,32
Arab,False,653,1505520000,10,5,1,5,4042536,3
Take Me Back,False,654,1496361600,44,43,5,10,10709181,36
Christmas Time,False,655,1480723200,50,34,2,10,9090977,31
feel good,False,656,1498953600,103,89,1,10,21698803,63
üòàüòàüòà,False,657,1487721600,124,103,8,52,26763493,76
Rock,False,658,1509148800,64,53,1,21,17015069,40
Lifting ,False,659,1491350400,164,126,1,24,34378400,106
Panda,False,660,1442707200,91,53,2,3,19777780,25
Car Party,False,661,1498521600,58,55,1,14,13099768,42
discovered,False,662,1503446400,183,178,5,94,49666604,175
2000s hits,False,663,1486339200,53,46,1,3,12167420,36
Workout,False,664,1494115200,17,16,3,6,4274978,14
recommendations !! ,False,665,1505606400,61,54,2,16,12627140,50
eclipse,False,666,1503273600,30,28,1,4,7611809,27
classical,False,667,1388448000,60,28,1,5,24668922,19
Feel Good,False,668,1455926400,19,19,1,5,4120084,17
summer 2k17,False,669,1504656000,59,57,2,23,12330426,54
cake ,False,670,1491955200,47,41,1,7,11507643,29
lean,False,671,1506038400,62,9,2,5,12802098,3
Chill,False,672,1443916800,74,56,1,22,18320544,43
Say You Won't Let Go,False,673,1508889600,156,120,9,50,34939410,88
Deep Thoughts,False,674,1506470400,29,16,1,5,7211102,8
Dinner Party,False,675,1507420800,6,6,1,5,1009640,5
Clubbin,False,676,1420156800,107,91,1,51,26815535,65
For You,False,677,1489968000,52,45,1,12,13221058,34
tb,False,678,1456099200,13,6,1,6,2962703,5
Blues,False,679,1500163200,44,37,1,11,12591911,23
Country Favorites,False,680,1507852800,235,106,3,9,54799152,48
Work,False,681,1386633600,16,15,1,2,3881116,11
twenty sixteen,False,682,1470528000,89,56,1,22,19352924,53
Life ,False,683,1509148800,185,150,1,23,43502622,90
Waltz,False,684,1500595200,39,23,1,2,7051357,11
uhhhh,False,685,1480982400,11,7,1,2,2702997,3
Throwback,False,686,1442448000,43,4,1,2,9534014,3
Cinderella,False,687,1502323200,121,108,1,13,27764324,83
üòçüòçüòç,False,688,1450051200,55,30,1,8,12739933,13
My Musics,False,689,1495929600,235,201,1,6,49939410,155
Dark Side,False,690,1487116800,52,48,1,8,11414196,46
Club,False,691,1503014400,117,82,1,40,27828112,52
december,False,692,1450051200,19,19,1,6,4284245,19
chill time,False,693,1508630400,74,64,2,24,15706786,51
PARTY ,False,694,1509321600,190,140,1,48,48786515,80
three,False,695,1415577600,20,17,1,4,4444821,19
Alternativo ,False,696,1457136000,32,26,1,21,7086556,18
Partay,False,697,1508889600,89,77,1,28,19365645,62
rock songs,False,698,1500940800,14,11,2,3,3627449,10
Lulu,False,699,1506556800,183,150,2,83,41477384,133
Amy,False,700,1504915200,72,57,1,19,17319215,41
Old songs ,False,701,1490918400,38,37,1,15,10178516,28
Wedding Cocktail Hour,True,702,1405987200,23,21,1,2,4597865,19
ALT,False,703,1449187200,198,180,1,63,45821977,172
Drake,False,704,1498348800,220,96,1,46,55454339,48
Wedding,False,705,1481068800,23,22,1,15,5604771,17
MY FAV,False,706,1494374400,5,5,1,2,1008292,5
party,False,707,1455667200,10,10,1,4,2186968,9
pop,False,708,1463011200,43,42,3,15,9395168,38
winter,False,709,1488412800,24,24,1,22,5311158,23
my favorite songs,False,710,1479600000,8,4,2,3,1782858,3
yoga,True,711,1509062400,9,9,1,3,2636272,9
classic,False,712,1504742400,122,113,1,50,34147242,87
Cody,False,713,1433635200,83,53,1,21,19341106,30
raw,False,714,1485043200,55,37,2,12,12212703,30
Band Music,False,715,1499385600,44,29,3,10,14771305,25
Rave,False,716,1508803200,35,34,1,10,7487981,31
Throwbacks,False,717,1506643200,56,55,1,3,13118525,46
Swing,False,718,1494460800,24,11,1,3,5718853,6
CARDIO,False,719,1465862400,88,9,1,2,8941719,7
PARTY 1,False,720,1340150400,51,46,2,3,11999709,41
throwback,False,721,1492560000,40,35,1,8,9229731,25
running,False,722,1507420800,68,65,1,48,15947956,56
Wet Dreamz,False,723,1499126400,19,17,1,5,4595425,14
roadtrip üöó,False,724,1503964800,106,83,1,2,24839332,65
Feels,False,725,1509235200,33,21,2,7,7336109,8
dubstep,False,726,1492473600,23,22,1,14,6167484,20
Rock en espa√±ol ,False,727,1502064000,56,49,1,21,14441367,38
summer country,False,728,1434758400,48,42,2,8,9932312,31
Pop,False,729,1430352000,104,97,1,37,23456397,77
lit,False,730,1509321600,133,103,1,50,28331164,91
Best of 2016,False,731,1482192000,104,75,1,20,28277577,70
country,False,732,1508630400,14,11,1,7,3024234,9
rap,False,733,1448928000,91,65,3,46,21415521,41
2000s r&b,False,734,1506384000,117,100,1,4,28437764,62
my songs ,False,735,1480550400,46,39,1,20,11397414,35
Not Rap,False,736,1438732800,28,22,1,3,6671217,19
fuego,False,737,1509062400,35,29,1,17,7650968,26
spanish ,False,738,1442361600,15,10,1,10,3790756,6
Best,False,739,1435190400,42,39,3,11,10523041,35
will,False,740,1509062400,195,137,3,18,49344651,72
Chill,False,741,1484697600,40,20,2,2,8268004,7
Holiday Party,False,742,1481155200,31,17,1,5,5964742,16
New ish,False,743,1509148800,245,168,1,131,57648694,103
Running,False,744,1508630400,75,71,1,26,17577615,57
Mad Men,False,745,1371254400,70,68,1,4,12585034,64
EBM,False,746,1507766400,21,15,1,12,5825144,12
2000s,False,747,1507420800,79,74,1,11,18601789,61
Disney,False,748,1500422400,85,29,1,8,14585036,66
Buena Vista Social Club,False,749,1383696000,36,4,1,2,9527681,4
Summer 2016,False,750,1467072000,33,24,2,4,7288529,19
xmas party,False,751,1456185600,150,136,2,51,34151580,115
for you,False,752,1508284800,138,89,1,3,31521556,62
Luke,False,753,1448928000,26,26,1,2,5925277,26
L O V E ,False,754,1509235200,88,67,1,19,20780240,51
Summer Country,False,755,1494201600,50,38,1,7,11396880,24
kitchen,False,756,1499040000,18,18,1,10,4459168,15
Yeah,False,757,1410220800,16,15,1,12,3359795,12
Britney,False,758,1494115200,35,32,1,2,8001919,32
ghetto,False,759,1476921600,28,22,1,10,6379515,20
HARDCORE WORKOUT,False,760,1503273600,110,82,1,27,24626349,58
#mood,False,761,1487808000,39,18,2,9,8527771,15
Gospel Mix,False,762,1506816000,45,33,1,17,12776721,20
Turnt,False,763,1462060800,36,31,1,11,8428187,24
GOOD MUSIC ,False,764,1509062400,18,17,1,2,4471587,15
Tangled,False,765,1499040000,81,37,1038,15,15112167,59
music,False,766,1508889600,85,64,1,19,19218683,47
The Mix,False,767,1509062400,149,72,1,32,37324571,42
Fun,False,768,1370217600,73,21,1,15,18923675,14
Elliot,False,769,1497830400,157,138,1,67,34553175,123
summer 2016,False,770,1469750400,67,66,1,26,14712101,54
Classical favorites,False,771,1483315200,6,4,1,3,2047905,4
no,False,772,1412640000,20,17,1,3,3861715,16
4th of july,False,773,1498867200,126,114,1,4,29527994,80
Sugar,False,774,1370995200,16,11,1,2,3576468,10
vibin,False,775,1419724800,24,23,2,12,5567327,21
ha,False,776,1451952000,35,15,1,3,8111527,9
christmas,False,777,1482364800,19,17,1,4,4151649,15
electro,False,778,1508544000,16,13,1,2,3718999,13
00s,False,779,1496361600,85,62,1,9,20563322,46
Rage,False,780,1452643200,23,22,1,3,5516260,15
New jams,False,781,1487548800,121,11,1,2,31118595,5
Main Playlist,False,782,1486425600,235,194,1,95,54713205,134
Christmas,False,783,1450915200,17,11,1,3,3368165,10
Cruising,False,784,1485561600,10,10,2,6,2394320,10
Girl Power,False,785,1496534400,55,51,2,5,13069216,44
Summer 2016,False,786,1504915200,59,51,1,31,14198994,46
Baes,False,787,1452556800,7,7,1,2,1805998,7
ATL,False,788,1486252800,30,23,1,2,7948938,13
Soulful  ,False,789,1441065600,29,23,1,2,8070680,17
üò¥üò¥,False,790,1507766400,20,20,3,10,4241859,17
Country,False,791,1476748800,48,29,1,3,10750810,14
Pitch Perfect,False,792,1407196800,16,3,1,2,2275342,9
feels,False,793,1503187200,90,83,4,31,21382504,67
siesta,True,794,1446422400,28,17,2,5,5892847,10
Shape of You,False,795,1491177600,9,9,2,2,1914114,9
Country,False,796,1508371200,48,42,1,23,10056945,36
Workout,False,797,1509321600,47,37,1,40,10142356,33
mellow,False,798,1499212800,34,29,1,9,7910361,21
Helene,False,799,1506038400,33,24,1,5,8202120,17
Christian music,False,800,1457481600,8,7,1,2,2091648,4
Runaway,False,801,1484265600,57,53,1,39,14488716,51
work music,True,802,1474416000,94,15,1,6,25831390,9
Country,False,803,1508630400,204,128,1,62,43421679,67
Good Stuff,False,804,1496448000,86,81,1,10,20908133,62
car playlist ,False,805,1479340800,12,10,1,8,2638772,9
2K14,False,806,1414800000,143,121,3,26,34849426,89
Summer drives,False,807,1439164800,75,67,1,6,16875684,51
üí∏üí∏,False,808,1446163200,113,30,1,7,27581867,16
Country,False,809,1469232000,15,15,1,8,3250849,10
road trip ,False,810,1499731200,10,7,1,4,2237697,7
musicals,False,811,1434240000,234,21,1,5,46448007,59
Throwback,False,812,1441324800,112,53,2,18,21656971,46
ease ~,False,813,1508112000,41,35,1,7,8563173,31
Groovy,False,814,1499644800,45,44,2,17,11396490,44
WORKOUT,False,815,1449273600,189,180,1,6,42936735,149
Easy Listening ,False,816,1444780800,97,85,1,22,21676960,68
Cancun,False,817,1450396800,53,44,1,13,12480160,33
Star Wars,False,818,1494806400,14,12,1,3,2868245,5
 CHiLl,False,819,1479600000,21,21,1,5,4594018,21
jan 2015,False,820,1424131200,17,17,1,3,3494895,16
feel good,False,821,1493856000,24,24,1,7,5151514,22
explicit,False,822,1506384000,165,107,1,72,36971214,73
Broadway Baby,False,823,1508371200,120,23,1,3,26510292,54
Worship,False,824,1448409600,24,19,2,17,7481073,17
pregame,False,825,1474070400,78,70,6,4,17771865,58
Hawaii,False,826,1448150400,19,16,1,2,4370484,13
Roadtrip,False,827,1491782400,24,24,1,4,5967277,15
.jams.,False,828,1469836800,18,17,1,4,4064674,16
The Classics,False,829,1501891200,35,28,2,7,12196214,15
Heat,False,830,1498953600,16,14,1,6,3222010,12
My hits,False,831,1509235200,76,69,2,59,16449976,54
Fix You,False,832,1449792000,27,22,1,3,6103083,15
I workout!,False,833,1393200000,128,97,1,4,27697847,73
Disney,False,834,1435708800,19,14,2,6,3732421,18
everything,False,835,1504915200,207,157,1,9,48926806,103
boujee,False,836,1506470400,19,17,1,2,3999213,16
Country Mix,False,837,1426032000,18,18,1,7,4015752,17
bird,False,838,1495670400,121,66,2,73,29197826,42
Camp,False,839,1468454400,69,61,1,5,14518491,53
rap,False,840,1505692800,117,52,3,27,26981820,39
Deb,False,841,1488499200,111,17,1,3,25135565,11
christmas,False,842,1479340800,136,19,1,7,27175214,9
2016,False,843,1508025600,221,193,3,78,48585388,148
nostalgia,False,844,1487289600,150,86,1,12,33568346,55
english,False,845,1431302400,12,12,1,2,2911434,11
empty,False,846,1505433600,27,15,1,4,5756548,4
The Good Stuff,False,847,1457654400,211,121,1,56,50294546,85
Local,False,848,1507075200,200,141,2,126,49717490,101
chill,False,849,1506816000,101,77,3,68,25884968,58
Litüî•üî•,False,850,1499299200,53,51,1,4,12265773,36
Indie Stuff,False,851,1507075200,17,14,1,4,4241888,9
chill,False,852,1431993600,49,49,1,35,11639639,45
 Frozen,False,853,1394841600,59,3,2,2,7744568,10
HER,False,854,1509408000,218,167,3,37,54136863,102
Gospel,False,855,1508198400,73,57,4,42,24098628,39
songs to dance to,False,856,1476576000,16,16,1,5,3492144,15
study,False,857,1509235200,132,112,2,36,28867643,106
summer 16',False,858,1492128000,96,90,1,25,21620089,78
Hungover,False,859,1497916800,179,147,1,42,42753000,117
work,False,860,1493424000,50,43,1,17,12286033,39
Christmas Favorites,False,861,1491782400,64,48,4,18,11146474,42
mood music,False,862,1482710400,14,12,1,2,3767219,11
good vibes,False,863,1502064000,48,47,1,14,10463771,47
I like these songs,False,864,1393113600,72,69,1,37,18798519,56
Cha Cha,False,865,1506038400,36,31,1,7,7703622,30
Worship,False,866,1505952000,91,42,2,26,33080913,30
PURPLE,False,867,1506211200,54,49,1,22,13703082,41
April 2016,False,868,1462579200,22,22,1,12,4999906,21
My Heart,False,869,1493683200,37,30,1,18,8765681,25
recovery,False,870,1457308800,47,41,1,12,11309492,35
space jams,False,871,1501113600,25,11,2,3,4523189,7
bored,False,872,1509321600,29,25,1,25,6091075,23
Volleyball,True,873,1476057600,31,28,1,9,7936491,25
Mixed,False,874,1507766400,133,70,1,30,33793856,45
Jammin,False,875,1441584000,42,21,1,3,9150473,12
Chidas,False,876,1436400000,68,43,2,33,16582784,34
ELECTRONICAS,False,877,1508803200,85,82,1,24,17181746,58
new new,False,878,1508025600,9,6,1,5,1996675,5
Country,False,879,1497744000,241,133,1,38,50341906,71
Working Out,False,880,1393977600,26,21,1,10,6211312,18
EDC,False,881,1497484800,62,48,1,2,14597634,35
run 2,False,882,1444780800,6,6,1,4,1384776,6
Office,False,883,1471824000,82,74,1,2,18696030,49
Songs I Love,False,884,1473120000,41,38,2,35,9151970,36
SEPTEMBER 2017,False,885,1506643200,59,54,1,5,14042586,48
BUMP,False,886,1509408000,225,137,2,21,52613668,77
Reception,False,887,1409961600,66,63,1,22,15285499,57
Old Rock,False,888,1442880000,22,20,1,10,5887643,17
Edward Sharpe & The Magnetic Zeros,False,889,1435622400,35,6,1,3,8272231,3
Two,False,890,1382313600,6,6,1,4,1718302,6
Good music ,False,891,1461888000,7,7,1,4,1724810,6
1980's,False,892,1435881600,11,11,8,2,3003906,11
Country,True,893,1422057600,135,98,1,14,29696098,42
playlist,False,894,1474848000,20,19,1,8,4413536,14
Throwbacks,False,895,1424304000,137,83,1,6,31869941,52
Classic Country,False,896,1485907200,207,141,6,6,44548821,58
Thuggin,False,897,1479945600,70,10,1,4,16408701,9
trending,False,898,1436918400,45,42,1,28,10891819,39
Relax,False,899,1509062400,54,48,1,20,12802175,34
My High-Intensity Workout,False,900,1504828800,14,14,1,2,3659376,10
Sundays,False,901,1474588800,47,42,3,4,13208416,37
sunday,False,902,1505088000,42,36,1,6,9451263,24
Oldies,False,903,1506556800,66,64,1,13,14511221,61
dance yrself clean,False,904,1422835200,26,22,2,4,7765445,18
Sleep Music,False,905,1365897600,11,7,1,2,2442207,7
DISCOVER,False,906,1463270400,30,30,1,2,5044396,30
Lit,False,907,1507852800,113,103,1,27,25090570,78
old but good,False,908,1506038400,53,51,2,6,11656243,43
Awesome,False,909,1454803200,14,10,1,4,2917328,6
Pump up,False,910,1459987200,87,47,2,2,21314596,20
BEST SONGS EVER,False,911,1502064000,41,28,1,10,8388914,28
old school,False,912,1506902400,90,73,2,45,22637299,65
PARTY,False,913,1502841600,134,118,1,13,31388970,91
dance,False,914,1508112000,71,70,1,57,16432020,60
Alternative,False,915,1501804800,8,6,2,3,1871236,6
Rock,False,916,1500249600,89,68,1,8,24591942,30
Summer '16,False,917,1478822400,40,38,1,14,9008766,36
Pearl Jam,False,918,1383955200,162,12,1,2,43003986,8
petrichor,False,919,1501891200,48,45,1,7,11480569,42
LITT ,False,920,1486944000,146,142,1,13,31814633,127
Rock,False,921,1480636800,112,57,1,9,25827393,35
Baby shower,False,922,1478822400,12,12,1,2,2472526,12
beautiful,False,923,1500422400,36,32,1,12,8340370,30
mine,False,924,1501977600,103,56,1,38,23720395,40
John's Playlist,False,925,1508976000,75,70,1,10,18541223,60
rock,False,926,1508112000,61,55,1,21,14618370,47
Oldies,False,927,1504569600,65,60,2,8,13131762,37
vibin,False,928,1503878400,10,9,1,4,2217770,8
Move,False,929,1429747200,18,17,1,4,4142432,17
Seduction,False,930,1478131200,120,97,1,24,34682579,63
Fire,False,931,1442275200,54,46,1,6,11746828,42
halloweenie,False,932,1509321600,35,30,1,5,7729111,33
Reception,True,933,1457481600,47,47,1,12,9746258,44
Love,False,934,1485648000,36,30,1,8,9696452,22
Rock,False,935,1496016000,44,40,1,11,12324961,32
Worship,False,936,1491091200,37,29,3,25,11239296,18
hayley,True,937,1419811200,26,26,1,6,6073195,26
Inspiration,False,938,1490140800,56,54,1,9,13517594,53
<3,False,939,1505433600,35,21,1,12,7806717,16
Playlist,False,940,1489449600,49,36,2,7,10964833,34
2k17,False,941,1505433600,140,82,1,61,30712867,55
R&B classics,False,942,1468713600,94,75,3,6,23837606,45
Fall 2015,False,943,1482278400,92,79,1,34,20275508,75
hoe anthems,False,944,1496966400,31,27,2,5,6970595,21
the mix,False,945,1509408000,26,16,1,5,5355947,14
summer '17,False,946,1506124800,119,68,1,61,25345670,52
nashville,False,947,1468800000,10,10,1,3,2183323,9
Christmas songs ,False,948,1449705600,63,7,1,3,14325817,7
jamz,False,949,1479081600,74,71,1,36,16786449,68
Summer 2016,False,950,1471996800,55,54,2,14,11815189,49
stuff,False,951,1425340800,9,6,1,4,2229106,3
The Greatest,False,952,1442707200,10,8,1,4,2395154,5
#chill,False,953,1460764800,70,59,2,44,15388277,51
country,False,954,1441152000,24,24,1,8,5344096,18
country ,False,955,1442707200,224,120,1,30,49978310,55
Classical,False,956,1425168000,75,32,1,22,18718684,22
disney bops,False,957,1477180800,39,23,1,2,7188894,15
top down,False,958,1469577600,17,17,2,2,3861463,17
Rap Songs,False,959,1507507200,21,21,1,19,4772474,21
Chillout ,False,960,1509235200,59,57,1,42,18568996,51
Gospel,False,961,1404518400,53,36,1,11,14449011,25
MERICA,False,962,1466294400,80,52,1,38,17831472,35
Dubstep ,False,963,1465171200,10,10,1,2,2353881,8
KILLA,False,964,1509235200,135,109,1,59,30889047,78
hey,False,965,1482192000,97,47,1,29,21868096,33
mello,False,966,1493251200,12,12,1,3,2805925,12
spanish,False,967,1449360000,11,11,1,4,2244462,8
death,False,968,1507680000,162,131,4,88,35918107,73
Marshall ,False,969,1500076800,35,31,2,5,8984013,28
Summer 2014,False,970,1407196800,79,56,1,24,17996632,50
Rap it up,False,971,1506470400,57,46,1,11,12750541,36
Slow Stuff,False,972,1444003200,133,110,1,3,35127057,77
flow,False,973,1502236800,17,14,1,6,4045052,14
Maui,False,974,1447977600,140,110,1,12,33074974,71
Lit af,False,975,1466380800,21,15,1,6,4848999,13
Neo,False,976,1380499200,16,11,1,4,4692356,6
summer playlist,False,977,1469232000,133,116,1,8,28795617,105
Dancehall,False,978,1504915200,126,105,1,37,26607391,54
new,False,979,1476489600,221,181,1,178,47162649,148
Gym,False,980,1509408000,214,183,3,90,48909656,123
Chill,False,981,1478476800,35,29,1,10,7749913,22
nc,False,982,1462665600,56,53,1,11,13926435,47
2pac,False,983,1487376000,100,24,1,26,27207422,8
Pump up,False,984,1509494400,203,150,1,50,48616835,78
Party Playlist,False,985,1468886400,79,63,1,8,19433173,37
New Music,False,986,1406160000,69,60,1,13,15491200,58
Dancing on my own,True,987,1505952000,172,69,1,2,36983438,35
New,False,988,1474243200,14,12,1,8,3261685,10
David,True,989,1508803200,33,31,1,24,7254125,26
Michelle ,True,990,1507420800,87,84,1,5,20637964,74
Bad and Boujee,False,991,1486944000,19,17,1,3,4261773,17
R&B,False,992,1508371200,126,106,1,29,31829172,73
üåàüåàüåà,False,993,1508112000,38,24,1,18,8986743,21
FALL 2013,False,994,1386979200,61,38,1,26,14914634,35
old,False,995,1507852800,41,40,1,8,9917901,36
Daze,False,996,1479254400,17,17,1,13,3699248,15
rap,False,997,1410307200,119,98,1,63,27538723,82
Country,False,998,1507939200,108,75,1,37,24950143,40
thinking of you,False,999,1507766400,44,43,1,34,9065801,37
